<?xml version="1.0" encoding="UTF-8"?>
<beans xmlns="http://www.springframework.org/schema/beans"
	xmlns:xsi="http://www.w3.org/2001/XMLSchema-instance" xmlns:util="http://www.springframework.org/schema/util"
	xsi:schemaLocation="http://www.springframework.org/schema/beans
        http://www.springframework.org/schema/beans/spring-beans.xsd
		http://www.springframework.org/schema/util 
    	http://www.springframework.org/schema/util/spring-util-2.0.xsd">
	<bean id="filter" class="com.hctc.parse.webfilter.FilterThreadExecutor">
		<property name="threadCount" value="20" />
	</bean>
	<!-- 维持标签过滤缓冲区任务 -->
	<bean id="keepBuffer" class="com.hctc.parse.webfilter.KeepBufferPageFilterSQL">
		<property name="dbToFilterUtil" ref="dbToFilterUtil" />
	</bean>
	<bean id="listListOp" class="com.hctc.crawler.common.LinkedListListOp" />
	<!-- 标签过滤任务 -->
	<!-- 
	<bean id="tagFilterTask" class="com.hctc.parse.webfilter.TagFilterRun"
		scope="prototype">
		<property name="dbToFilterUtil" ref="dbToFilterUtil" />
		<property name="tagFilter" ref="tagFilter" />
	</bean>
	<bean id="tagFilter" class="com.hctc.parse.filter.TagFilter" />
	-->
	<!-- 特征过滤任务 -->
	<bean id="featureFilterTask" class="com.hctc.parse.webfilter.FeatureFilterRun">
		<property name="dbFeatureFilterUtil" ref="dbFeatureFilterUtil" />
		<property name="nodeTool" ref="nodeTool" />
		<property name="linksTool" ref="linksTool" />
		<property name="containStringFilterFlag" value="false" />
		<property name="containsTagFilterFlag" value="false" />
		<property name="linksRateFilterFlag" value="false" />
		<property name="containChildTreeFilterFlag" value="false" />
		<property name="simRateFilterFlag" value="false" />
		<property name="tfIdfFilterFlag" value="false" />
		<property name="dndFilterFlag" value="true" />
		<property name="tfIdf" ref="tfIdf" />
		<property name="dndM" ref="dndM" />
	</bean>
	<bean id="nodeTool" class="com.hctc.parse.filter.NodeTool" />
	<bean id="linksTool" class="com.hctc.parse.filter.NumLinksTool" />
	<!-- 访问已下载网页列表工具 -->
	<!-- 
	<bean id="dbVisitedUtil" class="com.hctc.crawler.db.PageCRUD">
		<property name="jdbcTemplate" ref="mssqlJdbcTemplate" />
		<property name="tableName" value="pageVisitedTable" />
	</bean>
	 -->
	<!-- 访问要过滤标签网页列表工具 -->
	<bean id="dbToFilterUtil" class="com.hctc.crawler.db.PageCRUD">
		<property name="jdbcTemplate" ref="mssqlJdbcTemplate" />
		<property name="tableName" value="pageTagFiltered" />
	</bean>
	<!-- 访问特征过滤网页列表工具 -->
	<bean id="dbFeatureFilterUtil" class="com.hctc.crawler.db.PageCRUD">
		<property name="jdbcTemplate" ref="mssqlJdbcTemplate" />
		<property name="tableName" value="pageFeatureStrAndSimFiltered" />
	</bean>

	<!-- mssql JDBC -->
	<bean id="dataSource" class="org.apache.commons.dbcp.BasicDataSource"
		destroy-method="close">
		<property name="driverClassName" value="com.microsoft.sqlserver.jdbc.SQLServerDriver" />
		<property name="url"
			value="jdbc:sqlserver://localhost:1433;database=webHtmlDataBase;integratedSecurity=false" />
		<property name="username" value="sa" />
		<property name="password" value="123" />
	</bean>
	<bean id="mssqlJdbcTemplate" class="org.springframework.jdbc.core.JdbcTemplate">
		<property name="dataSource" ref="dataSource" />
	</bean>
	
	<!-- TF-IDF -->
	<bean id="tfIdf" class="com.hctc.parse.webfilter.intelligence.TfIdf">
		<property name="fnlpOp" ref="fnlpOp" />
		<property name="totalCount" value="0" />
		<property name="totalNonDetailCount" value="0" />
	</bean>
	<bean id="fnlpOp" class="com.word.FnlpOp"/>
	<!-- DND -->
	<bean id="dndM" class="com.hctc.parse.webfilter.intelligence.DndM">
		<property name="fnlpOp" ref="fnlpOp" />
		<property name="totalDetailCount" value="0" />
		<property name="totalNonDetailCount" value="0" />
	</bean>
</beans>
