<?xml version="1.0" encoding="UTF-8"?>
<beans xmlns="http://www.springframework.org/schema/beans"
	xmlns:xsi="http://www.w3.org/2001/XMLSchema-instance"
	xmlns:util="http://www.springframework.org/schema/util"
	xsi:schemaLocation="http://www.springframework.org/schema/beans
        http://www.springframework.org/schema/beans/spring-beans.xsd
		http://www.springframework.org/schema/util 
    	http://www.springframework.org/schema/util/spring-util-2.0.xsd">
	<bean id="singleCrawler" class="main.SingleCrawler">
		<property name="down" ref="down" />
		<property name="commRef" ref="commRef"/>
	</bean>
	<bean id="down" class="com.hctc.crawler.page.DownPage" >
		<property name="commRef" ref="commRef"/>
		<property name="pageUtil" ref="pageUtil"/>
	</bean>
	<bean id="pageUtil" class="com.hctc.crawler.page.PageUtil">
		<property name="inStrArray" ref="inStrArray" />
	</bean>
	<!-- 公共参数 -->
	<bean id="commRef" class="com.hctc.crawler.common.CommRef">
		<property name="firstUrl">
			<value>https://www.jd.com</value>
		</property>
		<property name="inStrArray" ref="inStrArray"/>
		<property name="dbTodoUtil" ref="dbTodoUtil" />
		<property name="dbVisitedUtil" ref="dbVisitedUtil" />
	</bean>
	<bean id="dbTodoUtil" class="com.hctc.crawler.common.DBUtil">
		<constructor-arg type="java.lang.String">
			<value>D:/soft/db/todo</value>
		</constructor-arg>
	</bean>
	<bean id="dbVisitedUtil" class="com.hctc.crawler.common.DBUtil">
		<constructor-arg type="java.lang.String">
			<value>D:/soft/db/visited</value>
		</constructor-arg>
	</bean>
	<util:list id="inStrArray">
		<value type="java.lang.String">jd.com</value>
		<value type="java.lang.String">jd.cn</value>
		<value type="java.lang.String">jingdong.com</value>
	</util:list>

</beans>
