<?xml version="1.0" encoding="UTF-8"?>
<beans xmlns="http://www.springframework.org/schema/beans"
	xmlns:xsi="http://www.w3.org/2001/XMLSchema-instance" xmlns:util="http://www.springframework.org/schema/util"
	xsi:schemaLocation="http://www.springframework.org/schema/beans
        http://www.springframework.org/schema/beans/spring-beans.xsd
		http://www.springframework.org/schema/util 
    	http://www.springframework.org/schema/util/spring-util-2.0.xsd">
	<bean id="multiCrawler" class="multimain.MultiThreadExecutor">
		<property name="threadCount" value="10" />
	</bean>
	<!-- 填充数据任务 -->
	<bean id="fillTask" class="multimain.TodoDistributorThread">
		<property name="threadCount" value="10" />
		<property name="commRef" ref="commRef" />
		<property name="listListOp" ref="listListOp" />
	</bean>
	<bean id="listListOp" class="com.hctc.crawler.common.LinkedListListOp" />

	<!-- 下载任务 -->
	<bean id="SimpleTask" class="multimain.SimpleTask" scope="prototype">
		<property name="down" ref="down" />
		<property name="commRef" ref="commRef" />
	</bean>
	<bean id="down" class="com.hctc.crawler.page.DownPage">
		<property name="commRef" ref="commRef" />
		<property name="pageUtil" ref="pageUtil" />
	</bean>
	<bean id="pageUtil" class="com.hctc.crawler.page.PageUtil">
		<property name="inStrArray" ref="inStrArray" />
	</bean>
	<!-- 公共参数 -->
	<bean id="commRef" class="com.hctc.crawler.common.CommRef">
		<property name="firstUrl">
			<value>https://www.jd.com</value>
		</property>
		<property name="inStrArray" ref="inStrArray" />
		<property name="dbTodoUtil" ref="dbTodoUtil" />
		<property name="dbVisitedUtil" ref="dbVisitedUtil" />
	</bean>
	<bean id="dbTodoUtil" class="com.hctc.crawler.db.PageCRUD">
		<property name="jdbcTemplate" ref="mssqlJdbcTemplate" />
		<property name="tableName" value="pageSourceTable"/>
	</bean>
	<bean id="dbVisitedUtil" class="com.hctc.crawler.db.PageCRUD">
		<property name="jdbcTemplate" ref="mssqlJdbcTemplate" />
		<property name="tableName" value="pageVisitedTable"/>
	</bean>
	<!-- <bean id="dbTodoUtil" class="com.hctc.crawler.common.DBUtil"> <constructor-arg 
		type="java.lang.String"> <value>e:/db/todo</value> </constructor-arg> </bean> 
		<bean id="dbVisitedUtil" class="com.hctc.crawler.common.DBUtil"> <constructor-arg 
		type="java.lang.String"> <value>e:/db/visited</value> </constructor-arg> 
		</bean> -->
	<util:list id="inStrArray">
		<value type="java.lang.String">jd.com</value>
		<value type="java.lang.String">jd.cn</value>
		<value type="java.lang.String">jingdong.com</value>
		<value type="java.lang.String">.htm</value>
		<value type="java.lang.String">.html</value>
		<value type="java.lang.String">.shtml</value>
	</util:list>

	<!-- mssql JDBC -->
	<bean id="dataSource"
		class="org.springframework.jdbc.datasource.DriverManagerDataSource">
		<property name="driverClassName" value="com.microsoft.sqlserver.jdbc.SQLServerDriver" />
		<property name="url"
			value="jdbc:sqlserver://localhost:1433;database=webHtmlDataBase;integratedSecurity=false" />
		<property name="username" value="sa" />
		<property name="password" value="123" />
	</bean>

	<bean id="mssqlJdbcTemplate" class="org.springframework.jdbc.core.JdbcTemplate">
		<property name="dataSource" ref="dataSource" />
	</bean>
</beans>
